car_make,car_model,car_year,car_color,car_price,car_condition,car_mileage,car_location,car_seller_name,car_seller_email
Volvo,C70,2005,silver,78703,excellent,130943,Gampola,Elsinore Hourigan,ehourigan0@google.co.jp
Pontiac,Grand Prix,2004,black,43191,excellent,44838,San Vicente,Larissa Alesio,lalesio1@hubpages.com
Ford,Explorer,2003,black,80841,fair,184762,Bocos,Nefen Carlick,ncarlick2@sfgate.com
Volkswagen,Tiguan,2001,red,9234,good,98257,Peristerona,Cristabel Cristol,ccristol3@mapy.cz
Land Rover,LR3,2020,white,74134,good,110167,Sernur,Rachael Antrag,rantrag4@ftc.gov
GMC,Rally Wagon 2500,2000,black,69513,good,191186,Nanfeng,Lynett Guerreau,lguerreau5@domainmarket.com
Cadillac,DeVille,2011,red,31818,excellent,16986,Laholm,Antonino Cowan,acowan6@mtv.com
BMW,6 Series,2020,silver,66936,excellent,129869,Gyamco,Carey Ludman,cludman7@wisc.edu
Acura,RL,2014,black,56087,poor,117702,Quibal,Frank Skelding,fskelding8@army.mil
Volkswagen,GTI,2020,white,85751,good,93944,København,Chrystel Curteis,ccurteis9@istockphoto.com
Toyota,Celica,2019,blue,16919,poor,118358,Sinazongwe,Phillip Narraway,pnarrawaya@usnews.com
MINI,MINI,2022,black,2418,good,120487,Saint Paul,Mitch Terris,mterrisb@goo.gl
Dodge,Caravan,2005,red,80586,fair,50932,Lao Suea Kok,Davita Bogie,dbogiec@furl.net
Oldsmobile,Bravada,2022,silver,66923,fair,43333,El Congo,Tarra Glackin,tglackind@skype.com
Saturn,Ion,2020,black,57183,excellent,62691,Lyubar,Pollyanna McNamee,pmcnameee@livejournal.com
Chevrolet,Colorado,2020,blue,79231,good,121587,Hallstavik,Sanderson Bounde,sboundef@sakura.ne.jp
Volkswagen,rio,2020,white,98278,poor,141472,Toulouse,Catriona Gaffon,cgaffong@cpanel.net
Mercedes-Benz,SL-Class,2006,blue,50199,fair,6426,Olympia,Bordy Shwalbe,bshwalbeh@cnbc.com
Lexus,SC,2008,silver,56937,fair,66651,Wulan Hada,Cathrin Rude,crudei@loc.gov
Chevrolet,Silverado,2020,blue,50516,poor,59559,Monywa,Berkly Afield,bafieldj@weebly.com
Pontiac,Bonneville,2005,black,22043,fair,88761,Krajan,Randie Shakesby,rshakesbyk@epa.gov
Mitsubishi,Outlander Sport,2011,red,54256,good,59497,Petrovsk,Odey Atlay,oatlayl@1und1.de
Mercedes-Benz,SLS AMG,2016,white,50440,good,58901,Paraisópolis,Tamra Sly,tslym@nydailynews.com
Ford,Explorer,2000,white,2067,poor,22845,Hulitu,Carolee Khomin,ckhominn@mtv.com
Toyota,Corolla,2017,blue,70425,fair,90894,Granada,Carolina MacArthur,cmacarthuro@photobucket.com
Dodge,Ram Wagon B250,2006,silver,18668,good,151900,Dengok,Findley Openshaw,fopenshawp@auda.org.au
Volkswagen,rio,2019,white,15507,fair,102117,Cuiabá,Germana D'eathe,gdeatheq@ted.com
Land Rover,Discovery,2018,silver,44587,fair,139488,Severobaykal’sk,Richmond Le Provest,rler@acquirethisname.com
Chrysler,PT Cruiser,2012,red,44648,poor,64704,Minbu,Sullivan Grellier,sgrelliers@reverbnation.com
Chevrolet,Lumina,2010,blue,73417,good,5910,Miami Beach,Silvie Parradice,sparradicet@chronoengine.com
Mitsubishi,Galant,2004,red,70161,poor,80516,Letpandan,Andreas Cossins,acossinsu@wsj.com
Pontiac,Bonneville,2009,silver,28260,excellent,62001,Rajhradice,Sherye Mummery,smummeryv@reverbnation.com
Volkswagen,Jetta,2010,red,27901,fair,199576,Badai,Fabian Gallop,fgallopw@cafepress.com
Hyundai,Accent,2001,black,28712,good,68952,Kihangara,Lavina Mauditt,lmaudittx@ycombinator.com
Dodge,Grand Caravan,2010,silver,10502,good,140789,Xarardheere,Dorella Ventris,dventrisy@people.com.cn
Dodge,Grand Caravan,2007,white,31485,good,7215,Jia’an,Pete Mowsley,pmowsleyz@dedecms.com
Ford,F450,2019,white,92706,poor,16505,Proletar,Alli Mateev,amateev10@wisc.edu
MINI,Cooper Countryman,2011,red,89310,fair,37060,Candelaria,Dorothy Ferraraccio,dferraraccio11@unc.edu
Maserati,Quattroporte,2005,silver,99688,good,112743,Bang Bo,Jdavie Szymaniak,jszymaniak12@diigo.com
GMC,1500 Club Coupe,2011,black,67872,good,92177,Saint-Pierre,Tonia Meltetal,tmeltetal13@infoseek.co.jp
Chevrolet,Camaro,2021,silver,36223,good,118190,Bapska,Flem Hardey,fhardey14@instagram.com
Mitsubishi,Tredia,2004,red,60495,excellent,139085,Repušnica,Albert Horrod,ahorrod15@blogs.com
Pontiac,Sunfire,2019,red,26787,excellent,92964,La Sierpe,Cchaddie Dunbar,cdunbar16@hatena.ne.jp
Pontiac,Firebird,2012,white,37359,excellent,140155,Amagbagan,Dotty Bye,dbye17@geocities.jp
Volkswagen,CC,2011,black,21512,excellent,11504,Storvik,Martina Hannant,mhannant18@xing.com
Suzuki,XL7,2015,silver,71590,good,188722,El Regalo,Sonia Quinnelly,squinnelly19@furl.net
Bentley,Continental Super,2013,red,53181,excellent,32929,Wadeng,Leigha Hill,lhill1a@dailymotion.com
Isuzu,Hombre Space,2012,black,26563,fair,26409,Yoshikawa,Delila Oxer,doxer1b@instagram.com
Lotus,Esprit,2013,red,76521,good,158491,Jasień,Mellisent Cowhig,mcowhig1c@theguardian.com
Cadillac,Escalade EXT,2020,white,42024,good,121839,Bayshint,Gary Pemble,gpemble1d@yale.edu
Lexus,RX Hybrid,2002,silver,27212,good,142360,Quba,Valentine Venning,vvenning1e@vimeo.com
Mercedes-Benz,S-Class,2021,white,8130,excellent,18696,Nema,Lydia Crisall,lcrisall1f@feedburner.com
Nissan,Altima,2014,red,59428,fair,25017,Panjgūr,Riccardo Nairne,rnairne1g@networkadvertising.org
Ford,Thunderbird,2017,black,74053,excellent,131365,Longxi,Jacenta MacGettigen,jmacgettigen1h@ovh.net
Volkswagen,Eurovan,2022,white,7353,good,130191,Novokhovrino,Royce Rispin,rrispin1i@wikispaces.com
BMW,3 Series,2018,silver,64223,fair,91971,La Guadalupe,Maris Elfe,melfe1j@eventbrite.com
Dodge,Dakota,2017,red,13797,good,114717,Vale de Figueira,Janot Boothby,jboothby1k@marketwatch.com
Land Rover,Range Rover,2002,black,26419,poor,73569,Golden,Davine McReedy,dmcreedy1l@va.gov
Volkswagen,GTI,2002,silver,92415,fair,56687,Dorupare,Karoly Hargreves,khargreves1m@google.co.uk
Nissan,Altima,2005,white,41956,poor,89760,Myhiya,Tabb Wyburn,twyburn1n@patch.com
Lincoln,Navigator,2013,black,22590,excellent,61658,Mekarsari,Abagail Frankiss,afrankiss1o@yandex.ru
Acura,TL,2019,blue,58969,excellent,117294,Banjar Susut Kaja,Kylie Whewell,kwhewell1p@ca.gov
Toyota,4Runner,2016,red,31623,poor,163901,Shah Alam,Riobard Bolderson,rbolderson1q@uiuc.edu
Toyota,Avalon,2016,white,28953,fair,140407,Gołkowice,Avie Kippin,akippin1r@fema.gov
Honda,Odyssey,2018,red,55568,poor,197494,Taboão da Serra,Nani Ricoald,nricoald1s@ask.com
Subaru,SVX,2018,red,20342,good,46207,Xujiahe,Rodge Dorling,rdorling1t@hexun.com
GMC,Yukon XL 2500,2005,silver,40781,good,39055,Guifeng,Wandis Berthelet,wberthelet1u@ning.com
BMW,X5,2010,blue,68824,fair,29017,Vesoul,Jerrie Channing,jchanning1v@youtube.com
Toyota,Solara,2017,red,7873,good,176246,Yeghvard,Gayler Alesbrook,galesbrook1w@nyu.edu
Mazda,Millenia,2009,black,79559,excellent,24294,Chapelton,Arlene Curgenuer,acurgenuer1x@washington.edu
Buick,LeSabre,2011,silver,9861,poor,34639,El Rosario,Brendis Cleall,bcleall1y@sogou.com
Ford,F-Series,2004,silver,69691,fair,132306,Javorník,Philbert Farquar,pfarquar1z@godaddy.com
Toyota,MR2,2019,red,32898,good,102936,Punggurharjo,Nanete Babe,nbabe20@omniture.com
Subaru,Outback,2007,blue,24734,good,72650,Brongkalan,Darryl Marsay,dmarsay21@engadget.com
Acura,RL,2016,white,36287,poor,74013,Amargosa,Zedekiah Daveley,zdaveley22@wired.com
Chevrolet,Uplander,2021,black,86763,fair,87203,Chợ Lầu,Ortensia Winley,owinley23@nasa.gov
Dodge,Neon,2009,red,16266,good,187411,Villaviciosa,Carmelia Radage,cradage24@apache.org
Pontiac,Grand Am,2006,black,20335,fair,157300,Proletar,Rosene McKissack,rmckissack25@about.me
Ford,Mustang,2016,white,37770,fair,164782,Isidro Fabela,Artie Bavin,abavin26@csmonitor.com
Cadillac,XLR,2018,silver,28241,poor,160713,Bakan,Yuri Feore,yfeore27@so-net.ne.jp
Saab,9-5,2012,red,38101,fair,169336,Xagmakajor,Vinita Bartoszewicz,vbartoszewicz28@altervista.org
BMW,X6,2020,red,19665,excellent,66490,Svedala,Rana Ricart,rricart29@wiley.com
Ford,Thunderbird,2017,white,27707,fair,155485,Petrokamenskoye,Welch Kester,wkester2a@mashable.com
Ford,E250,2016,black,56058,excellent,135873,H̱olon,Retha Waumsley,rwaumsley2b@squarespace.com
Chevrolet,Corvette,2012,black,88373,fair,89049,Borlänge,Malvin Ashpital,mashpital2c@addtoany.com
Chevrolet,Suburban 1500,2003,white,82366,excellent,132756,Jerusalem,Coop Tilburn,ctilburn2d@samsung.com
Mazda,Miata MX-5,2011,blue,66009,excellent,161443,Namora,Pennie Nesey,pnesey2e@gov.uk
Acura,RL,2000,silver,45014,good,20715,Babahoyo,Silvia Estrella,sestrella2f@nature.com
Nissan,Leaf,2018,white,43873,poor,187805,Jīma,Glynda Pentecost,gpentecost2g@adobe.com
Lamborghini,Countach,2020,red,1757,poor,58552,Naifaru,Bird McGennis,bmcgennis2h@fastcompany.com
Suzuki,Esteem,2012,blue,61791,good,171543,Bukbatang,Guntar MacBean,gmacbean2i@360.cn
Pontiac,Fiero,2005,black,64982,good,79249,Naha-shi,Rolf Tassell,rtassell2j@opera.com
Infiniti,EX,2017,blue,24374,fair,121617,Pereira,Tamarra Dysart,tdysart2k@washington.edu
Chrysler,Sebring,2015,black,24906,excellent,142479,København,Torrance Ternent,tternent2l@vistaprint.com
Toyota,Avalon,2005,black,21052,excellent,41421,Pasiraman,Jacenta Pegden,jpegden2m@comsenz.com
Chevrolet,Corvette,2012,white,88510,good,194255,Mingelchaur,Maison Chaloner,mchaloner2n@hud.gov
Ford,Festiva,2021,black,72714,good,106421,Gif-sur-Yvette,Gran Mapis,gmapis2o@answers.com
BMW,5 Series,2005,blue,60905,fair,94303,Romanovskaya,Lyell Kolakovic,lkolakovic2p@aol.com
Dodge,Avenger,2002,white,58539,good,36505,Cileunyi,Sibbie Rubinovitch,srubinovitch2q@mozilla.org
Nissan,Maxima,2021,blue,56345,good,192616,Chaoyang,Thaddeus Redwall,tredwall2r@hugedomains.com
Ford,Mustang,2018,white,55349,excellent,113726,Santa Cruz,Rici Killelea,rkillelea2s@devhub.com
Honda,CR-V,2015,white,19914,fair,79775,Meiyuan Xincun,Cristie Vitall,cvitall2t@diigo.com
Infiniti,G,2003,red,14447,good,13874,El Rincón,Wilhelm Friskey,wfriskey2u@phoca.cz
Nissan,Sentra,2008,blue,9998,poor,46230,Lugouqiao,Katusha Dossit,kdossit2v@e-recht24.de
Kia,Sportage,2022,red,92045,excellent,187151,Dolany,Vanni Ivory,vivory2w@bloglovin.com
Saab,9-7X,2011,red,41166,poor,91921,Sabunçu,Darcy Esmond,desmond2x@icq.com
Honda,CR-V,2006,blue,17379,fair,141999,Sabae,Alwin Savaage,asavaage2y@ftc.gov
GMC,Savana 1500,2004,silver,15441,good,55553,Piraí do Sul,Wileen Muriel,wmuriel2z@huffingtonpost.com
Land Rover,Range Rover Evoque,2011,red,66383,fair,102928,Yuandianhui,Brook Quinnelly,bquinnelly30@eepurl.com
Lincoln,Town Car,2011,black,81391,good,7061,Ransang,Hort Wallbutton,hwallbutton31@state.gov
Toyota,Matrix,2006,red,11077,fair,197951,Mekon,Kirstyn De Ath,kde32@spotify.com
Ford,E250,2007,white,30484,fair,75949,Cibunar,Burlie Wathan,bwathan33@cornell.edu
Chevrolet,Corvette,2014,white,13639,excellent,155081,Picassinos,Roseanne Meneux,rmeneux34@bloomberg.com
Nissan,Versa,2007,blue,73208,good,9071,Azilal,Keefer Tankin,ktankin35@hc360.com
GMC,Sierra 2500,2007,white,36437,fair,33299,Qādirpur Rān,Siana Thurby,sthurby36@php.net
Mercedes-Benz,CLS-Class,2019,blue,39639,good,81926,Jembatandua,Kim Niezen,kniezen37@vistaprint.com
Pontiac,Firebird,2003,white,56590,excellent,7296,Valuyki,Paige Messham,pmessham38@loc.gov
Pontiac,Bonneville,2009,white,24619,fair,99765,Forécariah,Marrilee Laugharne,mlaugharne39@addtoany.com
Mazda,Tribute,2005,black,40979,poor,68914,Zhangcaizhuang,Ozzy McInnery,omcinnery3a@g.co
Toyota,Tacoma Xtra,2010,silver,88613,poor,40173,Riolândia,Maisie Garley,mgarley3b@phoca.cz
Kia,Spectra5,2000,red,78409,poor,67168,Nginjen,Jorie Jimeno,jjimeno3c@smh.com.au
Oldsmobile,98,2015,red,22052,good,77213,Curepipe,Axel Lamy,alamy3d@ox.ac.uk
Nissan,200SX,2005,black,45489,good,123940,Salamanca,Charity Barbera,cbarbera3e@vkontakte.ru
Pontiac,Trans Sport,2001,silver,37420,excellent,192756,Vayk’,Cher Hamm,chamm3f@fc2.com
BMW,3 Series,2016,silver,22944,fair,89831,Lipu,Joanne Doveston,jdoveston3g@guardian.co.uk
Cadillac,Escalade,2019,white,15902,good,159836,Hongtang,Merrilee Pybus,mpybus3h@51.la
Mazda,Mazda5,2019,black,63202,fair,38453,Paôy Pêt,Fredek Farnon,ffarnon3i@google.it
Chevrolet,Blazer,2022,red,28190,poor,83028,Don Tan,Karleen Rosindill,krosindill3j@smh.com.au
BMW,3 Series,2014,blue,87886,good,57175,Dobrzeń Wielki,Ertha Foulger,efoulger3k@behance.net
Lexus,ES,2014,blue,11109,poor,141694,Pontes e Lacerda,Jeannie Tompkiss,jtompkiss3l@unesco.org
Lincoln,Navigator L,2000,white,9702,fair,161831,Detroit,Brittaney Stephens,bstephens3m@live.com
Subaru,Outback,2003,red,13605,fair,81938,Baryshivka,Ericha Haggeth,ehaggeth3n@theatlantic.com
Nissan,Titan,2004,black,77732,poor,3015,Jiaoxie,Davey Physick,dphysick3o@blinklist.com
Mazda,Mazda2,2015,black,79210,fair,193456,Mauá,Lilias McGeechan,lmcgeechan3p@vimeo.com
Cadillac,DTS,2011,black,1112,excellent,139120,Khānpur,Kettie Coatts,kcoatts3q@cbsnews.com
Jeep,Grand Cherokee,2015,black,96529,poor,64556,Qarchī Gak,Fitz Thorius,fthorius3r@live.com
Toyota,Corolla,2005,silver,20311,poor,23893,Fangyan,Clo Kinvan,ckinvan3s@live.com
Mitsubishi,Eclipse,2002,silver,65689,fair,150601,Pejukutan,Erastus Braidwood,ebraidwood3t@thetimes.co.uk
Honda,Civic,2004,silver,63907,excellent,52848,Jianfeng,Cookie Copcutt,ccopcutt3u@salon.com
Mazda,Mazda5,2007,blue,44460,excellent,159531,Biyan,Wheeler Blampy,wblampy3v@google.com
Toyota,Prius,2004,white,25349,excellent,123885,Ciracap,Emili Squires,esquires3w@aboutads.info
Isuzu,i-Series,2016,blue,63003,excellent,131998,Taishang,Chase Rahlof,crahlof3x@cdc.gov
Mazda,929,2019,silver,63846,fair,194458,Gunungputri,Fraze Feige,ffeige3y@xing.com
GMC,Savana 3500,2018,white,22805,excellent,173140,Västra Frölunda,Carie Letcher,cletcher3z@imgur.com
Mercedes-Benz,S-Class,2013,silver,40756,poor,87358,Bagumbayan,Trish Filipponi,tfilipponi40@discuz.net
Isuzu,Hombre,2004,blue,70071,good,50350,Bandhagen,Ximenes Nelsey,xnelsey41@twitpic.com
Suzuki,Daewoo Magnus,2008,black,45526,excellent,145697,Reguengos de Monsaraz,Luther Kulas,lkulas42@is.gd
Buick,LeSabre,2021,white,39552,good,94276,Eixo,Kalinda McMorran,kmcmorran43@woothemes.com
Dodge,Caravan,2016,red,86302,excellent,192619,Victoria,Jacki Crease,jcrease44@tripadvisor.com
BMW,5 Series,2022,silver,72250,excellent,101392,Porsgrunn,Desmund Childerley,dchilderley45@shareasale.com
Dodge,Avenger,2006,silver,50562,good,12041,Sirari,Chicky Jado,cjado46@mapy.cz
Lexus,LX,2001,blue,49776,poor,24469,La Fortuna,Gaynor McFie,gmcfie47@bandcamp.com
Nissan,Pathfinder,2013,blue,7534,poor,88896,Rancapare,Patty O'Henery,pohenery48@godaddy.com
Buick,Skylark,2003,black,68797,good,129111,Bitung,April Reinmar,areinmar49@1688.com
Rolls-Royce,Phantom,2003,red,58917,good,173557,Saltsjöbaden,Hurley Ryton,hryton4a@domainmarket.com
Suzuki,Sidekick,2000,white,56480,fair,111602,Dongqinggou,Lib Josupeit,ljosupeit4b@constantcontact.com
Mercury,Sable,2012,silver,69126,excellent,133144,Labruge,Michele Scourfield,mscourfield4c@census.gov
Lexus,ES,2000,blue,44766,poor,124584,Lianhe,Rosemonde Tomley,rtomley4d@elegantthemes.com
Subaru,Legacy,2019,blue,54845,fair,136571,Bryukhovetskaya,Conchita Smoote,csmoote4e@mayoclinic.com
Dodge,Avenger,2010,black,25314,good,18851,Chiscas,Althea Wittleton,awittleton4f@sphinn.com
Volkswagen,Scirocco,2014,white,90595,poor,125105,Olafulihaa,Genovera Inmett,ginmett4g@mozilla.org
Jeep,Cherokee,2018,silver,52190,excellent,115025,Grijó,Shellie Gooms,sgooms4h@house.gov
Ford,Taurus,2010,silver,2526,good,14371,Rodniki,Mikael Minihan,mminihan4i@yandex.ru
Porsche,Boxster,2021,silver,32061,good,32327,Nedašov,Rosetta Dubique,rdubique4j@hp.com
Dodge,Caravan,2015,silver,6851,good,102768,Osorno,Urson Vittel,uvittel4k@spotify.com
Dodge,Sprinter,2021,silver,57206,excellent,185044,Bokor,Cosimo Anster,canster4l@princeton.edu
Volvo,S60,2006,silver,10841,fair,77982,Ankazobe,Lil Warlton,lwarlton4m@slashdot.org
Mitsubishi,Tredia,2004,blue,70225,excellent,54308,Gondang,Tobiah Denerley,tdenerley4n@example.com
Mercury,Montego,2014,black,53647,fair,140743,Changping,Jesus Trafford,jtrafford4o@list-manage.com
BMW,M5,2010,blue,52740,poor,50851,Laguilayan,Ginny Vogele,gvogele4p@oaic.gov.au
GMC,2500,2007,black,49477,fair,170249,Morioka-shi,Murial Blenkin,mblenkin4q@dell.com
Land Rover,Range Rover,2002,white,99925,poor,83384,Linglong,Chaunce Twinborough,ctwinborough4r@adobe.com
Ford,Falcon,2015,white,27878,excellent,141568,Lingsar,Oby Cadge,ocadge4s@google.com
Pontiac,Parisienne,2022,black,28063,good,1528,Bairro,Fran South,fsouth4t@cornell.edu
Dodge,Viper,2004,silver,83253,poor,61591,Montpellier,Freeman Ayres,fayres4u@nba.com
BMW,X6,2021,red,23674,fair,151782,Xiaozhi,Jacky Peye,jpeye4v@shinystat.com
Lamborghini,Diablo,2007,blue,54625,good,50478,Malasila,Astra Hamerton,ahamerton4w@behance.net
Pontiac,G3,2018,white,59060,excellent,185410,Yafran,Virgina Trustey,vtrustey4x@tmall.com
Audi,RS4,2017,blue,35818,excellent,86336,Huang’ao,Emmaline Pumfrey,epumfrey4y@meetup.com
Mercedes-Benz,C-Class,2013,black,67409,excellent,9034,Tieling,George McConaghy,gmcconaghy4z@blogs.com
Pontiac,Grand Prix,2000,white,73605,fair,110637,Nicasio,Roland Martellini,rmartellini50@nhs.uk
Mitsubishi,Chariot,2013,black,42982,good,40378,Bilo,Ninette Antrag,nantrag51@odnoklassniki.ru
Pontiac,Firefly,2022,red,43537,good,45864,Maanĭt,Theda Gascone,tgascone52@ucsd.edu
Buick,Regal,2016,black,14347,poor,74201,Pandi,Camala Sebrook,csebrook53@furl.net
Land Rover,LR2,2000,white,93600,poor,24181,Foundiougne,Mame Davidescu,mdavidescu54@dyndns.org
Volvo,XC90,2006,silver,86316,fair,115473,Puncaksari,Alayne Majury,amajury55@wp.com
Buick,LeSabre,2019,black,16704,fair,122061,Talondang,Frans Bidgood,fbidgood56@xinhuanet.com
Audi,90,2000,red,83734,poor,104677,Nong Bun Nak,Nicki Brunicke,nbrunicke57@ucoz.com
Pontiac,Grand Am,2007,blue,52125,poor,122088,Pongola,Gillie MacKean,gmackean58@ucla.edu
Ford,Econoline E250,2002,silver,73609,fair,11679,Lappeenranta,Dominic MacCleod,dmaccleod59@europa.eu
GMC,Sierra Denali,2018,red,56270,fair,56004,Heshui,Dietrich Venny,dvenny5a@hugedomains.com
Lexus,LS,2019,silver,52254,excellent,22448,Chenfang,Malcolm Gerrard,mgerrard5b@usgs.gov
Mitsubishi,Diamante,2020,blue,45030,fair,29034,Emiliano Zapata,Florida Glison,fglison5c@weebly.com
Jeep,Grand Cherokee,2016,red,22077,good,173005,Watulumbung,Anatola Siberry,asiberry5d@alibaba.com
Lincoln,Continental Mark VII,2002,black,87029,excellent,50788,Quillabamba,Ross Blaksland,rblaksland5e@discuz.net
Hyundai,Elantra,2011,black,41544,good,144053,Selydove,Ardis Ilson,ailson5f@goodreads.com
Pontiac,Trans Sport,2002,silver,54494,fair,170536,Zaoshi,Cyrill Harle,charle5g@ocn.ne.jp
Honda,Passport,2003,white,74723,good,107539,Penghu,Lissie Hares,lhares5h@icio.us
Pontiac,Firebird,2003,black,63038,good,5835,Xiaoduchuan,Caritta Ambrodi,cambrodi5i@edublogs.org
Volkswagen,R32,2017,white,41874,fair,123594,Rodotópi,Tessi Cubuzzi,tcubuzzi5j@deviantart.com
Pontiac,Sunbird,2018,silver,47221,excellent,153869,Sirte,Adelle Leaney,aleaney5k@list-manage.com
Honda,Civic,2009,red,99961,poor,17351,Jalalaqsi,Honor Fowell,hfowell5l@craigslist.org
Ford,Escape,2010,black,51826,good,16897,Bulls,Charlot Werrilow,cwerrilow5m@dailymotion.com
Maserati,Spyder,2017,red,59437,fair,43456,Strání,Adelle Spini,aspini5n@sourceforge.net
Mercury,Sable,2000,white,46510,good,80012,Tursunzoda,Mychal Kemshell,mkemshell5o@google.es
GMC,Sierra,2008,black,75370,good,106706,Kembang,Kellby Blackford,kblackford5p@java.com
Dodge,Caravan,2017,silver,74504,excellent,139147,Šenov,Paxton Ilyushkin,pilyushkin5q@4shared.com
Mazda,626,2003,blue,43115,good,32987,Abang,Lovell Greg,lgreg5r@twitpic.com
Dodge,Charger,2002,silver,95329,poor,192530,Belomorsk,Conroy Dye,cdye5s@techcrunch.com
Dodge,Ram 2500,2022,silver,50707,good,113464,Nuuk,Justina Spread,jspread5t@shop-pro.jp
Honda,del Sol,2002,blue,57410,poor,57226,Yên Lạc,Pauly Faunch,pfaunch5u@goodreads.com
Chevrolet,Avalanche 1500,2006,red,54584,good,169497,Ansheng,Lane Splevin,lsplevin5v@studiopress.com
Mitsubishi,Challenger,2020,blue,68999,good,149767,Sala,Demetria Grigsby,dgrigsby5w@constantcontact.com
Chevrolet,Colorado,2019,white,13417,fair,99725,Yanglin,Kitty Jaynes,kjaynes5x@mayoclinic.com
Dodge,Charger,2015,red,44069,excellent,127792,Kraton,Burr Gerrish,bgerrish5y@sourceforge.net
MINI,MINI,2006,red,37361,fair,112431,Marly,Clarie Moules,cmoules5z@rediff.com
Ford,Ranger,2022,white,62200,good,179007,Villasis,Kermy De Michele,kde60@mayoclinic.com
Nissan,200SX,2014,red,81959,fair,8209,Lebak,Nyssa Colafate,ncolafate61@yellowpages.com
Tesla,Roadster,2016,red,48313,fair,68428,Carrascal,Harri Vivien,hvivien62@nsw.gov.au
Mercedes-Benz,C-Class,2009,red,16811,fair,160150,Aqsū,Jonah Tremoille,jtremoille63@youtu.be
Chevrolet,Beretta,2012,blue,40054,poor,157710,Banī Zayd,Erskine Vasyushkhin,evasyushkhin64@google.ru
Chrysler,Town & Country,2010,red,73808,poor,33131,Vuka,Rayna Maymond,rmaymond65@google.ca
Mitsubishi,Starion,2002,white,65234,fair,21796,Kalabo,Isobel Howgego,ihowgego66@oakley.com
Dodge,Caravan,2000,silver,66353,good,83407,Marmárion,Julia Caze,jcaze67@yelp.com
Ford,Econoline E150,2011,red,31290,good,65278,Zhen’an,Shalna Olczak,solczak68@wufoo.com
Pontiac,Grand Prix,2019,black,52337,poor,166296,Nanmo,Boyce Yong,byong69@de.vu
Acura,MDX,2021,silver,49259,poor,127794,Aco,Minny Middis,mmiddis6a@upenn.edu
Mazda,Tribute,2008,red,69093,good,17004,Gaotian,Ikey Davage,idavage6b@sciencedirect.com
Mercedes-Benz,SL-Class,2001,black,11234,fair,60612,Nahrīn,Brian Moulin,bmoulin6c@tripadvisor.com
Oldsmobile,Bravada,2010,silver,68398,poor,40202,Cikaludan,Harmon Vosper,hvosper6d@acquirethisname.com
Toyota,Tundra,2006,silver,94529,excellent,129331,Bafoulabé,Abigail Schoales,aschoales6e@soundcloud.com
BMW,X6 M,2018,red,80597,poor,55003,Numata,Karia Benezeit,kbenezeit6f@jimdo.com
Mercedes-Benz,S-Class,2008,white,45932,poor,62008,De la Paz,Saunders Rakes,srakes6g@nymag.com
Volkswagen,Golf,2020,red,21006,excellent,21473,Machachi,Renelle Causon,rcauson6h@fastcompany.com
Eagle,Summit,2018,white,33516,excellent,134293,Doko,Linnie Stuehmeyer,lstuehmeyer6i@rakuten.co.jp
Hyundai,XG350,2016,red,52684,good,195661,Al ‘Āliyah,Diann Hillitt,dhillitt6j@nasa.gov
Daewoo,Lanos,2014,white,67528,excellent,94188,Gueset,Catlaina Duggary,cduggary6k@last.fm
Nissan,Pathfinder,2003,silver,25833,excellent,93575,Citeureup,Willow Lindenfeld,wlindenfeld6l@time.com
BMW,3 Series,2003,black,22680,good,25682,Biscoitos,Saxe Caldicot,scaldicot6m@friendfeed.com
Infiniti,Q,2022,black,9907,fair,150503,Niquelândia,Bil Bradtke,bbradtke6n@trellian.com
Dodge,Grand Caravan,2005,black,16131,excellent,84205,Bobota,Armstrong Boddice,aboddice6o@ftc.gov
Ford,Aerostar,2007,red,24024,fair,138795,Dimitrovgrad,Shep Waterson,swaterson6p@accuweather.com
Volkswagen,GTI,2013,white,57968,excellent,167643,Keroka,Giuditta Guichard,gguichard6q@zdnet.com
Toyota,RAV4,2011,white,14478,good,112533,Gaoyi,Meaghan Durker,mdurker6r@tumblr.com
Chevrolet,Blazer,2013,blue,53211,excellent,57120,Tagiura,Vittoria Yarnton,vyarnton6s@va.gov
Chevrolet,Astro,2005,white,27720,fair,86203,Qingtang,Alick Delafont,adelafont6t@home.pl
Ford,Mustang,2020,red,61398,excellent,3348,Karangbalong,Virgil Hollyland,vhollyland6u@sourceforge.net
Toyota,Camry,2013,red,4491,fair,30344,Oranjestad,Patsy Asche,pasche6v@xrea.com
Suzuki,Grand Vitara,2010,blue,59008,poor,199272,Honglong,Alejoa Cossor,acossor6w@usda.gov
Buick,Roadmaster,2008,red,68389,fair,133639,Balidian,Willis Mountfort,wmountfort6x@moonfruit.com
Nissan,Quest,2017,red,51899,excellent,111230,Dongqinggou,Audi Burgoin,aburgoin6y@huffingtonpost.com
Lexus,ES,2013,red,42109,good,156857,Erdao,Alejoa De Bruyn,ade6z@economist.com
Subaru,Legacy,2003,black,19098,fair,134031,Beit Jann,Jolynn Scarsbrick,jscarsbrick70@sohu.com
Ford,Flex,2010,red,80109,good,60722,Agat Village,Aubrette Goosnell,agoosnell71@nytimes.com
BMW,5 Series,2008,red,54840,poor,165741,Sokarame,Husain Sapsford,hsapsford72@nationalgeographic.com
Volvo,C70,2006,silver,22181,poor,29860,Tongjin,Justus Bearham,jbearham73@ezinearticles.com
Pontiac,Trans Sport,2015,black,30128,excellent,147231,Troyes,Urban Ewles,uewles74@yellowbook.com
Suzuki,Daewoo Lacetti,2017,white,34246,fair,98009,Hengshitang,Ewart Joan,ejoan75@studiopress.com
Mercedes-Benz,S-Class,2018,black,41763,fair,156311,Gezan,Elonore Attryde,eattryde76@hp.com
Chevrolet,Cavalier,2008,silver,50414,excellent,117873,Tiandian,Fulton Farrar,ffarrar77@friendfeed.com
Chevrolet,Suburban,2018,black,34898,fair,159420,Shangmofang,Cindelyn Lanyon,clanyon78@alibaba.com
Audi,S4,2017,silver,21124,fair,45928,Guararapes,Ruy Tilson,rtilson79@sourceforge.net
GMC,Sierra Hybrid,2008,white,41901,good,86770,Huata,Jean Catanheira,jcatanheira7a@latimes.com
Acura,RL,2018,white,58293,poor,27762,Douma,Pearl Rigts,prigts7b@nature.com
Ford,Windstar,2007,black,63655,excellent,66209,Garahaji,Rip Macura,rmacura7c@mail.ru
Suzuki,XL-7,2000,blue,2421,fair,63297,Yoshkar-Ola,Travus Jacobsz,tjacobsz7d@cdc.gov
Chevrolet,Cavalier,2003,red,78441,poor,158422,Vilnius,Kitti Dummett,kdummett7e@constantcontact.com
GMC,Suburban 1500,2020,white,18417,fair,157747,Chengjiang,Maje Apfelmann,mapfelmann7f@bloglines.com
Lincoln,MKS,2003,black,73413,good,146511,Novyy Urgal,Leon Osman,losman7g@twitter.com
Pontiac,G6,2019,silver,67586,excellent,176835,Pasirmadang,Eddie Allkins,eallkins7h@pinterest.com
Ferrari,F430 Spider,2012,red,68688,good,139583,Gaoqiao,Lay Bushen,lbushen7i@independent.co.uk
Volkswagen,Jetta III,2019,blue,39585,fair,92987,Nizhniy Chir,Cindie Surguine,csurguine7j@livejournal.com
Buick,Electra,2013,silver,51030,fair,170887,Huacrapuquio,Gabby Samudio,gsamudio7k@cyberchimps.com
GMC,Savana 2500,2001,red,54414,good,72844,Buikwe,Harris Hanretty,hhanretty7l@newsvine.com
Dodge,Ram Wagon B250,2011,black,67551,fair,160680,Yakimovo,Gordy Commuzzo,gcommuzzo7m@globo.com
GMC,1500,2001,red,30870,fair,187226,Jaú,Lira Howood,lhowood7n@techcrunch.com
Mitsubishi,Lancer,2004,red,20336,poor,170581,Pasirhuni,Vinnie Molyneux,vmolyneux7o@miibeian.gov.cn
Chevrolet,Suburban 1500,2010,red,18050,poor,53477,Tõrva,Tera Martonfi,tmartonfi7p@google.com.hk
Volkswagen,Touareg,2001,silver,18118,fair,109933,Topol’noye,Sallyanne Dacca,sdacca7q@walmart.com
Mazda,B-Series,2022,blue,3527,fair,160857,Taihe Chengguanzhen,Mitchell Hunnam,mhunnam7r@addthis.com
Chevrolet,Express,2016,red,79108,excellent,60286,Banquero,Josepha Abramamovh,jabramamovh7s@naver.com
Volkswagen,Touareg,2011,black,19504,fair,34641,Mamonovo,Clotilda Samwyse,csamwyse7t@delicious.com
Plymouth,Neon,2022,black,62702,fair,71981,Kedrovyy,Ellerey Ramelet,eramelet7u@slashdot.org
Audi,4000CS Quattro,2001,black,45455,poor,42619,Orlovskiy,Travus Vondrasek,tvondrasek7v@un.org
Pontiac,G8,2014,black,66020,fair,184887,Mirnyy,Riordan Sprulls,rsprulls7w@tinyurl.com
Acura,NSX,2014,white,3267,fair,113387,Tijucas,Gwyn Baldacco,gbaldacco7x@gov.uk
Cadillac,XLR-V,2008,silver,22136,good,53949,Hashtgerd,Janel Milley,jmilley7y@jiathis.com
Hyundai,Sonata,2013,black,5691,good,21392,Rumbek,Gretna Yegorkov,gyegorkov7z@bbc.co.uk
Cadillac,Eldorado,2016,silver,68513,excellent,8612,Bełżyce,Bertram Pattison,bpattison80@sun.com
Suzuki,Daewoo Lacetti,2011,white,47029,excellent,94083,Tiantang,Zonda Colquitt,zcolquitt81@cloudflare.com
Kia,Sorento,2020,black,54490,good,118960,Buenavista,Candide Moodey,cmoodey82@sfgate.com
Jaguar,X-Type,2015,white,35190,good,5816,Aguisan,Joe Boodell,jboodell83@123-reg.co.uk
Kia,Sedona,2013,red,56449,good,79228,Jiangkou,Dorise Altimas,daltimas84@java.com
Toyota,Truck Xtracab SR5,2019,red,56975,excellent,186499,Marseille,Tabbatha Sandells,tsandells85@ebay.co.uk
Mercury,Sable,2018,black,55196,excellent,114173,Czarków,Adam Beverley,abeverley86@samsung.com
Ford,Transit Connect,2003,blue,44426,excellent,12025,Gambarjati,Glenda Bownd,gbownd87@oaic.gov.au
Nissan,Quest,2006,white,33556,excellent,141698,Cornwall,Emma Abramino,eabramino88@freewebs.com
Chrysler,200,2018,silver,93657,fair,11126,Karangpao,Geordie De Lisle,gde89@barnesandnoble.com
Lexus,RX,2005,black,99937,poor,13633,Pangani,Rozalin Rizzone,rrizzone8a@home.pl
Toyota,Land Cruiser,2001,blue,40188,good,53810,Duba-Yurt,Wilhelmine Lehr,wlehr8b@nifty.com
Ford,Freestar,2016,white,4875,fair,29821,Salitrillos,Zia Degoey,zdegoey8c@icq.com
Ford,Expedition,2012,white,77783,poor,174518,Louisville,Lavina Treadgear,ltreadgear8d@usda.gov
Cadillac,Fleetwood,2007,blue,32582,good,56001,Dengnan,Audi Smetoun,asmetoun8e@dell.com
Land Rover,Range Rover,2019,silver,43851,fair,58344,Bingfang,Hector Gamil,hgamil8f@prnewswire.com
Mazda,626,2020,white,44122,poor,44260,Sui’an,Paxon Letertre,pletertre8g@ocn.ne.jp
GMC,Sierra 1500,2000,white,10166,fair,94476,Mar’’ina Horka,Sheri Taffarello,staffarello8h@alibaba.com
Acura,SLX,2017,white,6477,excellent,10290,Štoky,Constancia Koppens,ckoppens8i@cnet.com
Chevrolet,Tahoe,2011,silver,59893,good,64890,Portland,Julee Powles,jpowles8j@google.fr
BMW,3 Series,2014,red,90791,poor,112352,Heshan,Delphine Tabor,dtabor8k@sfgate.com
Mercedes-Benz,S-Class,2004,silver,84126,poor,95608,Norton,Tadeas Tunesi,ttunesi8l@mozilla.com
Mazda,Mazda6,2013,red,57003,good,180824,Mangaratiba,Terry Clousley,tclousley8m@globo.com
Jaguar,XJ,2019,silver,9944,poor,60737,Mangaldan,Madeline Sawley,msawley8n@intel.com
Hyundai,Elantra,2012,white,93271,excellent,123214,Bao’an,Coraline Schubert,cschubert8o@telegraph.co.uk
Mercedes-Benz,S-Class,2018,white,63759,excellent,38485,Vidyayevo,Eldin Stannus,estannus8p@auda.org.au
Toyota,Camry,2000,black,26693,excellent,80368,Gombangan,Dotti Knightly,dknightly8q@google.nl
Mazda,626,2021,blue,44850,fair,71446,Ulan Hua,Jill Peaseman,jpeaseman8r@sciencedirect.com
Mercedes-Benz,C-Class,2021,white,58083,poor,39746,Zamoskvorech’ye,Sybil Kelway,skelway8s@ifeng.com
Kia,Sephia,2010,white,30451,good,165894,Colares,Seth Clemenson,sclemenson8t@marketwatch.com
Mercury,Mountaineer,2019,white,87177,good,91242,Garhi Khairo,Jeanne Sonner,jsonner8u@ezinearticles.com
Jeep,Wrangler,2004,white,84844,poor,110840,Thị Trấn Na Sầm,Brittney Razoux,brazoux8v@marriott.com
Isuzu,Space,2011,black,76024,fair,154582,Lapai,Michell Bowen,mbowen8w@ebay.co.uk
Toyota,Land Cruiser,2020,silver,79248,excellent,108208,Cát Bà,Heidi Dymott,hdymott8x@scientificamerican.com
Dodge,Ram 1500,2006,silver,8495,poor,88362,Vale de Figueira,Kylen Canfer,kcanfer8y@icio.us
BMW,M,2006,black,61355,poor,76762,Muramvya,Brander Beldon,bbeldon8z@google.com.br
Dodge,Ram 1500 Club,2022,blue,4021,poor,184138,Krajan Puru,Hally Treasure,htreasure90@dyndns.org
Honda,Civic,2022,silver,5158,excellent,127070,Lengshuitan,Nikolaos Partrick,npartrick91@technorati.com
Nissan,Xterra,2013,silver,82502,excellent,77817,Sukamaju,Fey Draxford,fdraxford92@alibaba.com
Mazda,Protege,2001,black,47054,excellent,88654,Nowy Dwór Mazowiecki,Franciskus Neame,fneame93@indiegogo.com
Hummer,H2,2016,blue,92987,good,165374,Kota Kinabalu,Kellen Privost,kprivost94@twitter.com
Audi,90,2006,white,30688,good,103398,San Luis,Philippine Selesnick,pselesnick95@netlog.com
Mitsubishi,Truck,2005,red,87027,poor,184083,Borås,Jacenta Gallear,jgallear96@icq.com
Land Rover,Range Rover Sport,2001,blue,14754,poor,3641,Skiáthos,Cherish Raccio,craccio97@stumbleupon.com
Ford,E-Series,2013,red,86948,good,166985,Billère,Vladamir Swannick,vswannick98@deviantart.com
Dodge,Dakota Club,2005,black,90693,excellent,13353,Vidovci,Ambrosio Trundell,atrundell99@freewebs.com
Hyundai,Sonata,2013,white,19593,fair,54830,Dalkey,Franciskus Louisot,flouisot9a@webs.com
GMC,Yukon,2012,silver,80898,fair,7918,Mingzhong,Jeannie Benny,jbenny9b@vinaora.com
Ford,Tempo,2012,silver,12504,poor,4139,Yanglin,Ebony Gorse,egorse9c@spiegel.de
Volkswagen,GTI,2017,white,72713,good,7777,Artur Nogueira,Joshuah Aleveque,jaleveque9d@scientificamerican.com
Audi,V8,2005,silver,25558,good,177343,Borovany,Wenona Wheatman,wwheatman9e@icio.us
Chevrolet,SSR,2009,silver,48962,poor,152634,Preston,Caralie Shergill,cshergill9f@360.cn
Suzuki,Grand Vitara,2001,white,59159,fair,149369,Boncong,Veradis Doey,vdoey9g@dedecms.com
Maybach,57,2019,white,66232,poor,176992,Dallas,Edee Tuckett,etuckett9h@smh.com.au
Mazda,B2000,2004,white,78129,good,21523,Tomiya,Jed de Aguirre,jde9i@wikimedia.org
Chrysler,Imperial,2018,red,3506,fair,46168,Yepocapa,Wynn Broxup,wbroxup9j@time.com
Mazda,B2000,2007,silver,26904,poor,101866,Kista,Silvester Iston,siston9k@bigcartel.com
Chevrolet,Tahoe,2018,red,80646,excellent,39147,Agoo,Cy Veighey,cveighey9l@dailymail.co.uk
Infiniti,G35,2003,white,58573,good,136784,Kari,Kingsly Daymont,kdaymont9m@virginia.edu
Saturn,S-Series,2008,red,89591,good,104506,Doblas,Isa Conor,iconor9n@gmpg.org
Nissan,Stanza,2009,silver,49503,good,140996,Bayramaly,Marinna Graeber,mgraeber9o@flavors.me
Suzuki,Kizashi,2021,black,60212,poor,168727,Lianhua,Cyrus Arnaudi,carnaudi9p@virginia.edu
Jaguar,S-Type,2003,blue,28164,poor,84655,Ārifwāla,Otes Gledhill,ogledhill9q@cyberchimps.com
Kia,Spectra,2019,silver,89587,good,140913,Yangdu,Sissy Aspinall,saspinall9r@amazon.de
Jeep,Wrangler,2003,silver,79934,poor,163791,Mavingouni,Teddie Hlavecek,thlavecek9s@springer.com
Toyota,Celica,2009,red,12450,fair,125234,Kalungu,Clementius Ellph,cellph9t@scientificamerican.com
Aston Martin,Vantage,2002,silver,38572,fair,176664,Delicias,Shaine Canizares,scanizares9u@samsung.com
Toyota,Matrix,2021,black,91293,good,83953,Sukpak,Marguerite Leavry,mleavry9v@angelfire.com
Mercedes-Benz,W126,2019,white,57612,fair,131636,Maromme,Patrice Dzenisenka,pdzenisenka9w@etsy.com
Chevrolet,Silverado 1500,2017,silver,63448,poor,161797,Lávara,Arty Garland,agarland9x@simplemachines.org
Kia,Spectra,2011,black,70866,good,160098,Pitalito,Jess Moggie,jmoggie9y@gizmodo.com
Chevrolet,Monte Carlo,2020,white,27080,good,119805,Kasli,Sophronia Metson,smetson9z@qq.com
Pontiac,Bonneville,2017,white,77850,poor,55567,Maishi,Elbertina Belfield,ebelfielda0@thetimes.co.uk
Toyota,Previa,2020,red,11831,poor,17659,Qandala,Irv Ather,iathera1@barnesandnoble.com
Jeep,Grand Cherokee,2018,black,87859,good,182250,Al Wardānīn,Gaultiero Yurocjhin,gyurocjhina2@miibeian.gov.cn
GMC,Sonoma Club Coupe,2006,blue,73167,fair,35371,Oemofa,Audy Bacchus,abacchusa3@storify.com
Hyundai,Genesis Coupe,2015,blue,51184,fair,96300,Songbai,Aldin Albiston,aalbistona4@youtube.com
Ford,Mustang,2000,silver,78043,poor,198835,Makīnsk,Tracey Pilger,tpilgera5@loc.gov
Volkswagen,New Beetle,2003,blue,95259,good,33936,Terang,Giacinta Lenard,glenarda6@usnews.com
Dodge,Daytona,2004,white,15707,excellent,5203,Dayangzhou,Brade Koppel,bkoppela7@xing.com
Cadillac,DTS,2017,white,52010,good,96390,Ciroyom,Erwin Dunstall,edunstalla8@sina.com.cn
Kia,Sportage,2016,red,77349,excellent,105424,Cikiruh Wetan,Algernon Soppett,asoppetta9@pcworld.com
Subaru,Forester,2018,silver,8886,poor,161925,Cliza,Ardelis Kores,akoresaa@t.co
Lexus,IS,2004,white,2557,excellent,20217,Stockholm,Myca Millwater,mmillwaterab@dedecms.com
Pontiac,Bonneville,2004,silver,62094,fair,20575,Aiximan,Louie Laborde,llabordeac@unc.edu
Oldsmobile,88,2016,black,16322,fair,186484,Chłapowo,Travus Dawe,tdawead@indiatimes.com
Isuzu,Stylus,2004,silver,8764,fair,95810,Ricardo Flores Magon,Kristin Innot,kinnotae@blogtalkradio.com
BMW,M3,2003,white,8434,poor,173578,Vesoul,Banky Scurrey,bscurreyaf@japanpost.jp
Pontiac,Grand Prix,2009,red,77256,poor,180695,Huayuan,Manny Swinden,mswindenag@studiopress.com
Acura,RL,2010,blue,36041,poor,31047,Sofiyivka,Delilah Bankhurst,dbankhurstah@fda.gov
Dodge,Challenger,2005,blue,41554,good,181350,Chhāgalnāiya,Ninetta Tummasutti,ntummasuttiai@slate.com
Maserati,430,2003,black,6001,fair,106740,Shuangnian,Melonie Di Filippo,mdiaj@shop-pro.jp
Suzuki,Equator,2003,black,13991,good,141140,Balakasap,Kakalina Gillson,kgillsonak@unc.edu
Chevrolet,Cobalt,2004,red,10069,fair,131326,Fonteleite,Teriann Keets,tkeetsal@issuu.com
Geo,Tracker,2003,black,18727,fair,69092,Ikedachō,Trey Koenen,tkoenenam@homestead.com
Panoz,Esperante,2004,silver,42504,fair,158570,Meadow Lake,Jory Zouch,jzouchan@sitemeter.com
Mercury,Mystique,2019,white,17552,excellent,111593,Hidalgo,Ivette Barnewell,ibarnewellao@xinhuanet.com
GMC,Safari,2013,black,91574,poor,6886,Zwettl,Patrice McNern,pmcnernap@tuttocitta.it
Dodge,Intrepid,2016,blue,27653,fair,108511,Armenia,Kennedy Bonniface,kbonnifaceaq@rambler.ru
Land Rover,Freelander,2022,black,84302,fair,134975,Mozdok,Leonora Quakley,lquakleyar@mit.edu
Mercedes-Benz,M-Class,2019,black,63881,excellent,85786,Katakwi,Leslie De Vuyst,ldeas@barnesandnoble.com
Lexus,LX,2012,white,5410,poor,177545,Cachachi,El Advani,eadvaniat@youtu.be
Chevrolet,Impala,2001,red,84405,excellent,64275,Bodø,Cori Maillard,cmaillardau@diigo.com
Ford,E-Series,2008,blue,65720,good,186938,Tongqiao,Lonnard D'Oyley,ldoyleyav@lulu.com
Ford,GT,2006,blue,79014,fair,100575,Portarlington,Marjory Bentame,mbentameaw@stumbleupon.com
Subaru,Legacy,2014,silver,3451,excellent,160145,Stakhanov,Moyra Kinnard,mkinnardax@businessinsider.com
Infiniti,G37,2007,black,1057,good,126904,Strabychovo,Barron Levermore,blevermoreay@examiner.com
Ford,E-Series,2001,white,82111,good,91126,Tigaon,Florenza Mc-Kerley,fmckerleyaz@thetimes.co.uk
Volvo,XC60,2022,black,54115,fair,82125,Isiolo,Conny Hedney,chedneyb0@feedburner.com
Land Rover,Range Rover,2019,blue,96219,good,23224,Berehomet,Janith Caven,jcavenb1@census.gov
Ford,F150,2007,black,11934,fair,129419,Enshi,Truman Stairmond,tstairmondb2@barnesandnoble.com
Lincoln,Town Car,2001,white,91502,excellent,151734,Shaoguan,Bryana Walster,bwalsterb3@a8.net
Ford,Econoline E150,2008,blue,35953,fair,31804,Campo Maior,Malissa Weich,mweichb4@example.com
Nissan,Xterra,2005,silver,65733,fair,610,Miān Channūn,Regan Alastair,ralastairb5@unesco.org
Hyundai,Sonata,2014,black,80814,excellent,195701,Suzaka,Angelo Clout,acloutb6@independent.co.uk
Lexus,ES,2008,white,42811,excellent,175541,São Paio Merelim,Joaquin Tabram,jtabramb7@answers.com
Toyota,Corolla,2008,blue,44248,excellent,129143,Banjar Buahan,Chrissie Lingley,clingleyb8@wired.com
Ford,Tempo,2012,black,28884,good,55563,Sergokala,Archibald Labusquiere,alabusquiereb9@fotki.com
GMC,Jimmy,2008,red,2299,poor,111953,Bojonglarang,Antons Skurm,askurmba@usnews.com
Subaru,Legacy,2008,red,98646,fair,18456,Kaolack,Bastian Werrit,bwerritbb@phoca.cz
Lotus,Exige,2000,red,97931,fair,84270,Yangliu,Thorny Holtham,tholthambc@altervista.org
Infiniti,I,2008,black,57208,excellent,31493,Sirnasari,Betsy Scoates,bscoatesbd@ucoz.com
Lexus,RX,2019,blue,47140,fair,139677,Zouiat ech Cheïkh,Dunstan Burd,dburdbe@dropbox.com
Saab,900,2006,black,48341,poor,50451,Changchun,Guglielma Booley,gbooleybf@ocn.ne.jp
Acura,RDX,2021,black,84266,excellent,127299,Dimitsána,Nil Dunn,ndunnbg@bloomberg.com
Volkswagen,Touareg,2000,black,71290,poor,40190,Toulouse,Celestina Pryn,cprynbh@spiegel.de
Buick,Skyhawk,2002,blue,75042,good,3532,Dezhou,Devlin McKimmey,dmckimmeybi@soup.io
Nissan,Quest,2002,silver,57261,excellent,119270,Beloeil,Trey Cupitt,tcupittbj@rambler.ru
Volkswagen,rio,2003,black,35587,good,128740,Helsingborg,Saundra Pirrie,spirriebk@rakuten.co.jp
Subaru,Leone,2010,red,34562,excellent,177632,Vysokovsk,Tony Lamport,tlamportbl@blogs.com
Shelby,GT350,2001,black,28866,excellent,140818,Xiqiao,Florentia Chinnery,fchinnerybm@ft.com
Dodge,Ram 1500,2006,black,39815,good,32284,Penelas,Florinda Parsand,fparsandbn@vinaora.com
Buick,Regal,2018,red,82047,excellent,185889,Fengcun,Adelind Geere,ageerebo@squarespace.com
Volkswagen,New Beetle,2014,white,61390,poor,38401,Pilar,Ali Sisselot,asisselotbp@gov.uk
Buick,Riviera,2021,red,30610,excellent,155350,Itacoatiara,Ignaz Charer,icharerbq@storify.com
Dodge,Viper,2010,silver,82216,excellent,156116,Itupiranga,Tess Madrell,tmadrellbr@wordpress.org
Porsche,944,2002,black,29644,excellent,1428,Chang’an,Harriett O'Canavan,hocanavanbs@opera.com
Cadillac,Escalade,2005,black,62249,good,27332,Lumsden,Micaela Vasyunkin,mvasyunkinbt@flickr.com
Infiniti,G35,2015,red,41497,poor,102735,Krajan Dermawuharjo,Mollie Gosforth,mgosforthbu@tinyurl.com
Lexus,SC,2016,white,96243,excellent,147052,Vale de Touros,Conn Poundford,cpoundfordbv@hud.gov
Ford,Aerostar,2005,white,42337,good,89663,Oguma,Lelah Commins,lcomminsbw@google.com
Ford,F350,2003,black,77547,fair,86299,Ituverava,Tabitha Gossart,tgossartbx@paginegialle.it
Mercury,Cougar,2012,blue,74112,poor,117754,San Diego,Wilbert Inch,winchby@1und1.de
Infiniti,Q,2011,blue,41554,poor,96465,Foz Giraldo,Witty Syder,wsyderbz@salon.com
Mazda,Mazda6,2004,red,59855,good,134501,Tamarindo,Rana Hof,rhofc0@dion.ne.jp
Dodge,Ram 1500 Club,2019,white,10165,poor,10174,Mondorf-les-Bains,Doy Wabe,dwabec1@buzzfeed.com
Austin,Mini,2012,white,93727,fair,125340,Jiaocha,Anthiathia Plait,aplaitc2@sfgate.com
Mercedes-Benz,W126,2010,silver,92479,fair,181633,Quintela,Marcello Earwicker,mearwickerc3@arizona.edu
Chevrolet,Express 1500,2015,red,59801,excellent,68931,João Câmara,Maxwell Guillain,mguillainc4@hud.gov
Chevrolet,G-Series 1500,2022,blue,68893,good,193700,Safonovo,Philipa Kelsey,pkelseyc5@hatena.ne.jp
Mercury,Cougar,2021,silver,15767,good,22912,Sanming,Tressa McGloin,tmcgloinc6@myspace.com
Audi,5000S,2012,silver,11204,good,74293,Corumbá,Ellen Emps,eempsc7@prweb.com
Aston Martin,DB9,2008,white,79155,fair,72563,Žrnovo,Silvia Grainge,sgraingec8@bbb.org
Lincoln,Continental Mark VII,2011,silver,3751,poor,58723,Ruy Barbosa,Salaidh Pfertner,spfertnerc9@mit.edu
Mercedes-Benz,S-Class,2011,silver,10004,poor,5632,Lýkeio,Florida Caisley,fcaisleyca@oracle.com
Volkswagen,Eurovan,2017,blue,69055,excellent,43688,Tiniguiban,Yardley Ricciardo,yricciardocb@google.com.au
Land Rover,Range Rover,2020,blue,39843,fair,162986,Tiébo,Chloris Scalera,cscaleracc@arstechnica.com
Chevrolet,G-Series G20,2006,black,41649,excellent,96559,Yuracyacu,Shirlee Baudoux,sbaudouxcd@cbsnews.com
Maserati,Quattroporte,2000,silver,8523,fair,174597,Dayushu,Ynes Thrower,ythrowerce@jalbum.net
Hummer,H2,2020,blue,3947,excellent,196323,Casselman,Shawnee Churches,schurchescf@virginia.edu
GMC,Acadia,2018,blue,42918,poor,117408,Pedra Azul,Crissie Dicey,cdiceycg@dailymail.co.uk
Isuzu,Oasis,2021,black,26644,good,51575,Krajan Tegalombo,Bartolomeo Lavers,blaversch@sciencedirect.com
Subaru,Brat,2013,white,19843,good,108946,Sarbīsheh,Ina Guyver,iguyverci@noaa.gov
Mitsubishi,Galant,2021,red,68489,good,76299,Jdaidet el Matn,Arin Gritland,agritlandcj@fastcompany.com
GMC,Yukon XL 1500,2008,white,12379,fair,185726,Åhus,Tedman MacTrustam,tmactrustamck@surveymonkey.com
Nissan,Quest,2017,silver,60714,poor,37426,Guiyang,Xever Rabbet,xrabbetcl@census.gov
Isuzu,Trooper,2008,black,91302,fair,73440,Catanauan,Jerrie Ledson,jledsoncm@tripadvisor.com
Volkswagen,Scirocco,2003,red,23095,excellent,27381,Komsomolsk-on-Amur,Claire Letteresse,cletteressecn@bloomberg.com
Dodge,Stratus,2021,white,29213,poor,8684,Rahayu,Gibb Teall,gteallco@narod.ru
Chevrolet,Camaro,2020,silver,57791,fair,13405,Ladhewāla Warāich,Zsa zsa Plessing,zzsacp@blogspot.com
Ford,Taurus,2020,white,90838,excellent,65984,Novo-Peredelkino,Vilhelmina Klauer,vklauercq@barnesandnoble.com
Hyundai,Azera,2001,red,84422,excellent,151524,Reading,Tammy Pollock,tpollockcr@comcast.net
Aptera,Type-1h,2007,white,3217,poor,118328,Lo Prado,Marthena Matschke,mmatschkecs@squidoo.com
Ford,Focus,2008,black,12428,fair,135780,Hamilton,Florinda Wayt,fwaytct@exblog.jp
Mercury,Cougar,2000,white,1049,excellent,95269,Kaffrine,Maddy Yitzhok,myitzhokcu@tripadvisor.com
Chevrolet,Equinox,2019,silver,80491,excellent,184107,Lamphun,Vinny Bambery,vbamberycv@google.com.hk
Mercury,Tracer,2007,white,80134,good,6540,Monterrey,Brena Thomesson,bthomessoncw@amazonaws.com
Ford,Thunderbird,2015,red,29109,poor,70043,Cunha,Calypso Dollar,cdollarcx@psu.edu
Ford,Courier,2021,white,15177,poor,41920,Nikel’,Grover Rooke,grookecy@dropbox.com
Mitsubishi,Chariot,2019,silver,86225,poor,194496,Caotang,Reba Willcocks,rwillcockscz@miibeian.gov.cn
Kia,Optima,2015,blue,43311,excellent,95227,Shinpokh,Sheryl Battey,sbatteyd0@boston.com
Lexus,IS-F,2013,silver,7826,fair,32115,Saint-Louis,Vern Monaghan,vmonaghand1@google.com.hk
Plymouth,Sundance,2003,silver,82550,good,100935,Seoam,Bridgette Challace,bchallaced2@google.com
Porsche,928,2018,black,61546,poor,178481,Roshnik,Peyter Billsberry,pbillsberryd3@cdbaby.com
Lexus,ES,2001,white,19951,fair,7105,El Benque,Deidre Tilio,dtiliod4@shinystat.com
Oldsmobile,Intrigue,2000,silver,3430,good,70908,Antsohihy,Juliana Gartery,jgarteryd5@nih.gov
Volvo,XC70,2014,white,27874,excellent,19562,Al Wuday‘,Mirilla Oldland,moldlandd6@go.com
Chevrolet,Impala,2001,white,68002,excellent,103144,Maebaru,Kane Gheorghie,kgheorghied7@jigsy.com
Buick,Hearse,2017,red,57215,fair,158886,Kovářská,Viole Gawler,vgawlerd8@about.me
Acura,TSX,2003,white,96217,good,49605,Logan Lake,Lydon Liddard,lliddardd9@bbc.co.uk
GMC,Yukon XL 1500,2016,blue,22869,fair,64678,Rakičan,Abra Kilgour,akilgourda@cyberchimps.com
Bentley,Continental GTC,2022,silver,81805,excellent,5623,Pho Thong,Neile Espinas,nespinasdb@wisc.edu
Plymouth,Colt Vista,2017,blue,77588,good,85002,Lidköping,Alyson Learoyde,alearoydedc@sina.com.cn
Saab,900,2005,black,77117,fair,74566,San Francisco,Traci Coping,tcopingdd@chronoengine.com
Audi,200,2011,white,90957,good,11381,Makungu,Mattias Krink,mkrinkde@csmonitor.com
Ford,Focus,2001,blue,12527,good,87539,Petaẖ Tiqwa,L;urette Doe,ldoedf@archive.org
Honda,Pilot,2019,blue,72400,good,180334,Fenyan,Robinett Morrall,rmorralldg@ft.com
Ford,Fiesta,2011,white,66030,excellent,79583,Ōmamachō-ōmama,Reilly Ritchings,rritchingsdh@xing.com
Mercury,Tracer,2013,white,77557,poor,15479,Lagunillas,Alejandrina Weyman,aweymandi@vinaora.com
Ford,Explorer Sport Trac,2015,silver,27321,good,130409,Tomarovka,Bev Leynagh,bleynaghdj@epa.gov
Mercury,Grand Marquis,2005,silver,79097,poor,186293,Mekon,Eddi Extall,eextalldk@icq.com
Volvo,V70,2004,silver,98552,good,6725,Niterói,Angelia Toffoletto,atoffolettodl@va.gov
Pontiac,G5,2021,silver,5768,excellent,133234,Storozhnytsya,Akim Dimitresco,adimitrescodm@dell.com
Mazda,Navajo,2014,red,59016,poor,23180,Rumyantsevo,Hallie Ellul,helluldn@prweb.com
Ford,Econoline E350,2019,silver,27408,fair,33177,Makurazaki,Wilhelm Patten,wpattendo@i2i.jp
Chevrolet,Silverado 1500,2020,white,7478,good,95133,Sergokala,Ric Casin,rcasindp@theglobeandmail.com
Lincoln,Town Car,2012,red,88663,poor,177233,Dashahe,Collie Sentinella,csentinelladq@ftc.gov
Mazda,Miata MX-5,2012,white,41131,fair,158292,Nanganga,Georgie Champley,gchampleydr@aboutads.info
Spyker,C8 Double 12 S,2009,silver,88779,good,193713,Zaječar,Aloin Dyzart,adyzartds@squarespace.com
Buick,Park Avenue,2010,silver,52185,fair,188928,Osiek,Abbey Soughton,asoughtondt@auda.org.au
Buick,Electra,2012,white,45381,good,136441,Sumurgung,Danika Willwood,dwillwooddu@zimbio.com
Nissan,Murano,2021,white,35082,poor,104496,São Sepé,Quinn Jimmison,qjimmisondv@i2i.jp
